{
  "total_states": 33,
  "total_probability": 0.9999999999999999,
  "hand_distribution": {
    "2B+1P+3W": 0.011243386243386243,
    "2B+3W+1Y": 0.03273809523809524,
    "1B+1P+3W+1Y": 0.011739417989417989,
    "2B+1P+2W+1Y": 0.0488095238095238,
    "1B+3W+2Y": 0.01273148148148148,
    "1P+3W+2Y": 0.0003720238095238095,
    "1B+1P+2W+2Y": 0.04140625,
    "2B+2W+2Y": 0.11107390873015874,
    "3W+3Y": 0.000744047619047619,
    "1B+2W+3Y": 0.04518849206349206,
    "2B+1P+1W+2Y": 0.09122023809523808,
    "1P+2W+3Y": 0.004650297619047618,
    "1B+1P+1W+3Y": 0.053125,
    "3B+3W": 0.01413690476190476,
    "3B+2W+1Y": 0.07976190476190476,
    "3B+1P+2W": 0.0062499999999999995,
    "3B+1P+1W+1Y": 0.028472222222222218,
    "3B+1W+2Y": 0.1368551587301587,
    "2B+1W+3Y": 0.11982886904761905,
    "4B+2W": 0.0062499999999999995,
    "4B+1W+1Y": 0.028472222222222218,
    "2W+4Y": 0.0016369047619047617,
    "1B+1W+4Y": 0.02191220238095238,
    "2B+1P+3Y": 0.01845238095238095,
    "1P+1W+4Y": 0.0030753968253968253,
    "1B+1P+4Y": 0.008196924603174602,
    "3B+1P+2Y": 0.00972222222222222,
    "3B+3Y": 0.024801587301587297,
    "2B+4Y": 0.015401785714285715,
    "4B+2Y": 0.00972222222222222,
    "1W+5Y": 0.0003968253968253968,
    "1B+5Y": 0.0013764880952380951,
    "1P+5Y": 0.00023561507936507931
  },
  "calculation_method": "exact"
}