{
  "problem_description": "复杂",
  "config": {
    "description": "复杂",
    "bags_config": {
      "1": {
        "6": 9,
        "k": 7,
        "l": 3
      }
    },
    "operations": [
      {
        "operation_type": "draw",
        "bag_id": 1,
        "draw_count": 9
      },
      {
        "operation_type": "return",
        "bag_id": 1,
        "draw_count": 2
      },
      {
        "operation_type": "discard_bag",
        "bag_id": 1,
        "draw_count": 10
      },
      {
        "operation_type": "draw",
        "bag_id": 1,
        "draw_count": 1
      }
    ],
    "created_at": "2025-12-19T12:32:46.485735"
  },
  "results": {
    "total_states": 29,
    "total_probability": 0.9999999999999999,
    "hand_distribution": {
      "16+6k+2l": 0.0002778439310947051,
      "16+5k+3l": 0.0002778439310947051,
      "16+7k+1l": 3.9691990156386444e-05,
      "26+5k+2l": 0.007501786139557038,
      "26+4k+3l": 0.004167658966420577,
      "26+6k+1l": 0.0025005953798523457,
      "26+7k": 0.0001190759704691593,
      "36+4k+2l": 0.050011907597046906,
      "36+3k+3l": 0.016670635865682303,
      "36+5k+1l": 0.03000714455822815,
      "36+6k": 0.003334127173136461,
      "46+3k+2l": 0.11669445105977615,
      "46+2k+3l": 0.023338890211955225,
      "46+4k+1l": 0.11669445105977612,
      "46+5k": 0.023338890211955225,
      "56+2k+2l": 0.10502500595379852,
      "56+1k+3l": 0.011669445105977613,
      "56+3k+1l": 0.17504167658966419,
      "56+4k": 0.05834722552988807,
      "66+1k+2l": 0.03500833531793284,
      "66+3l": 0.0016670635865682305,
      "66+2k+1l": 0.10502500595379852,
      "66+3k": 0.05834722552988807,
      "76+2l": 0.0033341271731364614,
      "76+1k+1l": 0.023338890211955222,
      "76+2k": 0.023338890211955225,
      "86+1l": 0.0014289116456299117,
      "86+1k": 0.003334127173136461,
      "96": 0.00011907597046915929
    },
    "calculation_method": "exact"
  },
  "calculation_method": "exact",
  "simulations": 0,
  "calculated_at": "20251219_123348"
}